sample_id	experiment	group	cond	pool	techrep	expr	norm	mapp	R1	R2
min_prom_3X_etoh_pool15_rep1	20210402_mp3ctcf	min_prom_3X	etoh	15	1	ACGAGTGCGT	ATATCGCGAG	CGTCTAGTAC	data/pre_demux_fastqs/20210402_mp3ctcf/Undetermined_S0_R1_001.fastq.gz	data/pre_demux_fastqs/20210402_mp3ctcf/Undetermined_S0_R2_001.fastq.gz
min_prom_3X_etoh_pool15_rep2	20210402_mp3ctcf	min_prom_3X	etoh	15	2	CTCGCGTGTC	CGTGTCTCTA	CGTCTAGTAC	data/pre_demux_fastqs/20210402_mp3ctcf/Undetermined_S0_R1_001.fastq.gz	data/pre_demux_fastqs/20210402_mp3ctcf/Undetermined_S0_R2_001.fastq.gz
min_prom_3X_etoh_pool16_rep1	20210402_mp3ctcf	min_prom_3X	etoh	16	1	TGATACGTCT	TAGTATCAGC	TCTACGTAGC	data/pre_demux_fastqs/20210402_mp3ctcf/Undetermined_S0_R1_001.fastq.gz	data/pre_demux_fastqs/20210402_mp3ctcf/Undetermined_S0_R2_001.fastq.gz
min_prom_3X_etoh_pool16_rep2	20210402_mp3ctcf	min_prom_3X	etoh	16	2	CATAGTAGTG	TCTCTATGCG	TCTACGTAGC	data/pre_demux_fastqs/20210402_mp3ctcf/Undetermined_S0_R1_001.fastq.gz	data/pre_demux_fastqs/20210402_mp3ctcf/Undetermined_S0_R2_001.fastq.gz
min_prom_3X_4oht_pool15_rep1	20210402_mp3ctcf	min_prom_3X	4oht	15	1	ACGCTCGACA	TACTGAGCTA	TGTACTACTC	data/pre_demux_fastqs/20210402_mp3ctcf/Undetermined_S0_R1_001.fastq.gz	data/pre_demux_fastqs/20210402_mp3ctcf/Undetermined_S0_R2_001.fastq.gz
min_prom_3X_4oht_pool15_rep2	20210402_mp3ctcf	min_prom_3X	4oht	15	2	AGACGCACTC	CGAGAGATAC	TGTACTACTC	data/pre_demux_fastqs/20210402_mp3ctcf/Undetermined_S0_R1_001.fastq.gz	data/pre_demux_fastqs/20210402_mp3ctcf/Undetermined_S0_R2_001.fastq.gz
min_prom_3X_4oht_pool16_rep1	20210402_mp3ctcf	min_prom_3X	4oht	16	1	AGCACTGTAG	ATACGACGTA	ACGACTACAG	data/pre_demux_fastqs/20210402_mp3ctcf/Undetermined_S0_R1_001.fastq.gz	data/pre_demux_fastqs/20210402_mp3ctcf/Undetermined_S0_R2_001.fastq.gz
min_prom_3X_4oht_pool16_rep2	20210402_mp3ctcf	min_prom_3X	4oht	16	2	ATCAGACACG	TCACGTACTA	ACGACTACAG	data/pre_demux_fastqs/20210402_mp3ctcf/Undetermined_S0_R1_001.fastq.gz	data/pre_demux_fastqs/20210402_mp3ctcf/Undetermined_S0_R2_001.fastq.gz
sox2_prom_etoh_pool1_rep1	20210809_sox2	sox2_prom	etoh	1	1	ACGAGTGCGT	ATATCGCGAG	CGTCTAGTAC	data/pre_demux_fastqs/20210809_sox2/Undetermined_S0_R1_001.fastq.gz	data/pre_demux_fastqs/20210809_sox2/Undetermined_S0_R2_001.fastq.gz
sox2_prom_etoh_pool1_rep2	20210809_sox2	sox2_prom	etoh	1	2	CTCGCGTGTC	CGTGTCTCTA	CGTCTAGTAC	data/pre_demux_fastqs/20210809_sox2/Undetermined_S0_R1_001.fastq.gz	data/pre_demux_fastqs/20210809_sox2/Undetermined_S0_R2_001.fastq.gz
sox2_prom_etoh_pool2_rep1	20210809_sox2	sox2_prom	etoh	2	1	TGATACGTCT	TAGTATCAGC	TCTACGTAGC	data/pre_demux_fastqs/20210809_sox2/Undetermined_S0_R1_001.fastq.gz	data/pre_demux_fastqs/20210809_sox2/Undetermined_S0_R2_001.fastq.gz
sox2_prom_etoh_pool2_rep2	20210809_sox2	sox2_prom	etoh	2	2	CATAGTAGTG	TCTCTATGCG	TCTACGTAGC	data/pre_demux_fastqs/20210809_sox2/Undetermined_S0_R1_001.fastq.gz	data/pre_demux_fastqs/20210809_sox2/Undetermined_S0_R2_001.fastq.gz
sox2_prom_4oht_pool1_rep1	20210809_sox2	sox2_prom	4oht	1	1	ACGCTCGACA	TACTGAGCTA	TGTACTACTC	data/pre_demux_fastqs/20210809_sox2/Undetermined_S0_R1_001.fastq.gz	data/pre_demux_fastqs/20210809_sox2/Undetermined_S0_R2_001.fastq.gz
sox2_prom_4oht_pool1_rep2	20210809_sox2	sox2_prom	4oht	1	2	AGACGCACTC	CGAGAGATAC	TGTACTACTC	data/pre_demux_fastqs/20210809_sox2/Undetermined_S0_R1_001.fastq.gz	data/pre_demux_fastqs/20210809_sox2/Undetermined_S0_R2_001.fastq.gz
sox2_prom_4oht_pool2_rep1	20210809_sox2	sox2_prom	4oht	2	1	AGCACTGTAG	ATACGACGTA	ACGACTACAG	data/pre_demux_fastqs/20210809_sox2/Undetermined_S0_R1_001.fastq.gz	data/pre_demux_fastqs/20210809_sox2/Undetermined_S0_R2_001.fastq.gz
sox2_prom_4oht_pool2_rep2	20210809_sox2	sox2_prom	4oht	2	2	ATCAGACACG	TCACGTACTA	ACGACTACAG	data/pre_demux_fastqs/20210809_sox2/Undetermined_S0_R1_001.fastq.gz	data/pre_demux_fastqs/20210809_sox2/Undetermined_S0_R2_001.fastq.gz
